{"pascal_voc/mAP": 0.7785607576370239, "pascal_voc/AP50": 0.779, "data_time": 0.01779776382446289, "time": 0.20871482133865357}