{"pascal_voc/mAP": 0.7785607576370239, "pascal_voc/AP50": 0.779, "data_time": 0.00694208574295044, "time": 0.19148250389099122}